{
    "arquivo": "/content/data_lake/processed/acidentes2024_processed.csv",
    "descricao": "Acidentes em rodovias federais em 2024 (em formato pre-processado)",
    "formato": "csv",
    "delimitador": ";",
    "codificacao": "latin-1",
    "colunas": [
        "dia_semana",
        "horario",
        "uf",
        "causa_principal",
        "causa_acidente",
        "tipo_acidente",
        "classificacao_acidente",
        "sentido_via",
        "condicao_metereologica",
        "tipo_pista",
        "tracado_via",
        "tipo_veiculo",
        "tipo_envolvido"
    ],
    "fonte": "/content/data_lake/raw/acidentes2024_todas_causas_tipos.csv",
    "data_processamento": "2025-06-22",
    "observacao": "Colunas removidas, Linhas com duplicadas e com valores faltantes removidas."
}