{
    "arquivo": "acidentes2024_todas_causas_tipos.csv",
    "descricao": "Acidentes em rodovias federais em 2024",
    "formato": "csv",
    "delimitador": ";",
    "codificacao": "latin-1",
    "colunas": [
        "id",
        "pesid",
        "data_inversa",
        "dia_semana",
        "horario",
        "uf",
        "br",
        "km",
        "municipio",
        "causa_principal",
        "causa_acidente",
        "ordem_tipo_acidente",
        "tipo_acidente",
        "classificacao_acidente",
        "fase_dia",
        "sentido_via",
        "condicao_metereologica",
        "tipo_pista",
        "tracado_via",
        "uso_solo",
        "id_veiculo",
        "tipo_veiculo",
        "marca",
        "ano_fabricacao_veiculo",
        "tipo_envolvido",
        "estado_fisico",
        "idade",
        "sexo",
        "ilesos",
        "feridos_leves",
        "feridos_graves",
        "mortos",
        "latitude",
        "longitude",
        "regional",
        "delegacia",
        "uop"
    ],
    "fonte": "Dados abertos da PRF",
    "origem": "https://www.gov.br/prf/pt-br/acesso-a-informacao/dados-abertos/dados-abertos-da-prf",
    "data_coleta": "2025-06-22"
}