{
    "arquivo": "/content/data_lake/analytics/acidentes2024_analytics.csv",
    "descricao": "Acidentes em rodovias federais em 2024 (em formato para an\u00e1lise)",
    "formato": "csv",
    "delimitador": ";",
    "codificacao": "latin-1",
    "colunas": [
        "dia_semana",
        "horario",
        "uf",
        "causa_principal",
        "causa_acidente",
        "tipo_acidente",
        "classificacao_acidente",
        "sentido_via",
        "condicao_metereologica",
        "tipo_pista",
        "tracado_via",
        "tipo_veiculo",
        "tipo_envolvido",
        "hora_int",
        "faixa_horaria"
    ],
    "fonte": "/content/data_lake/processed/acidentes2024_processed.csv",
    "data_processamento": "2025-06-22",
    "observacao": "Agrupamento de hor\u00e1rios em horas inteiras, Categoriza\u00e7\u00e3o de hor\u00e1rios (Madrugada, Manh\u00e3, Tarde, Noite)."
}