[
    {
        "nome_dataset": "Dados abertos da PRF 2024",
        "descricao": "Acidentes em rodovias federais em 2024",
        "caminho": "/content/data_lake/raw/acidentes2024_todas_causas_tipos.csv",
        "formato": "csv",
        "data_coleta": "2025-06-22",
        "versao": "1.0"
    },
    {
        "nome_dataset": "Censo 2022",
        "descricao": "Popula\u00e7\u00e3o brasileira por regi\u00e3o e estado",
        "caminho": "/content/data_lake/raw/POP2022_Brasil_e_UFs.xls",
        "formato": "xls",
        "data_coleta": "2025-06-22",
        "versao": "1.0"
    },
    {
        "nome_dataset": "Dados abertos da PRF 2024 (em formato pre-processado)",
        "descricao": "Acidentes em rodovias federais em 2024",
        "caminho": "/content/data_lake/processed/acidentes2024_processed.csv",
        "formato": "csv",
        "data_coleta": "2025-06-22",
        "versao": "1.0"
    },
    {
        "nome_dataset": "Dados abertos da PRF 2024 (em formato para an\u00e1lise)",
        "descricao": "Acidentes em rodovias federais em 2024",
        "caminho": "/content/data_lake/analytics/acidentes2024_analytics.csv",
        "formato": "csv",
        "data_coleta": "2025-06-22",
        "versao": "1.0"
    }
]